Product Key,Variant Key,Title,Description,Brand,Category,SKU,Barcode,Image URLs,Inventory,Infinite Quantity,Original Price,Sale Price
TAR-571648136469-New,TAR-571648136469-New,"Golf Storage Garage Organizer 2 Golf Bags Stand,Club Basket, Removable Side-Hook","Features: 
 The perfect fusion of black-painted metal and MDF, exuding a timeless vintage allure. 
 The contrasting textures not only enhance overall durability but also aesthetic appeal. 
 The stand focuses on maximizing space utilization while maintaining ease of access. 
 Not only for storing golf accessories, but also other sports equipment, workout gear. 
 With a designated storage to protect golf equipment from potential damage or lost.  
 It helps reduce clutter by providing designated spaces for golf bags, clubs, other gear. 
 Fits 2 standard golf bags, 3 extra shelves, 1 golf club storage and 4 removable hooks. 
 All-in-one storage for golf bags, clubs, shoes, balls, shoes, gloves, or other accessories. 
 Equipped with some tiered shelves to accommodate golf shoes, cleats or extra gear. 
 Built-in side-mounted hooks provide vertical storage for clubs, putters, and trainers.   
 Includes straps to securely hold your golf bags in an upright position, prevent tipping. 
 The open design promotes optimal airflow, helps to dry golf shoes and others quickly. 
 4 rolling casters (two with brakes), allows effortless movement and stable positioning. 
 Ideal for moving the gears from room to room or rearranging your spaces with ease. 
 Enhancing your storage capacity in the garage, basement, golf club, wherever it's on. 
 Crafted from iron constriction for exceptional sturdiness, anti-deformation or bending. 
 Robust metal structure for high strength, ensuring it can stand heavy weights easily. 
 Its solid frame and functional layout offer a long-lasting organization that resists wear. 
 Black powder-coated surface prevents rust and scratches, maintaining a clean look. 
 Its versatility and functionality make it a flexible solution for garage and workshop. 
 Perfect for dynamic storage needs, this organizer adapts easily to changing layouts. 
 The package includes all the hardware and instruction for a quick and easy assembly. Specifications: 
 Type: Golf Bag Organizer 
Features: With Shelves, Elastic Straps 
Mounting: Floor Standing 
Materials: 30% MDF Board +70% Iron 
Color: Black 
 Net Weight: 11kg/ 24.25 lbs 
Product Dimension: L * W * H total 95x40x92cm/ 37.40x15.74x36.22 inch 
Package Size: 98x44x13cm/ 38.58x17.32x5.12 inch 
Shipping Weight: 12kg/ 26.45 lbs 
 Package Includes:  
1 x Golf Bag Organizer Shelf 
2 x Elastic Straps 
1 x Instruction Guide 

 Note- 
- Please refer to measurement. Tiny measuring error is allowable in normal range. 
- There might be a little color difference due to the monitor, camera or other factors, please refer to the physical item.",UNHO,Sporting Goods > Golf > Golf Accessories > Other Golf Accessories,TAR-571648136469-New,9.14769E+11,https://i.ebayimg.com/images/g/DnoAAeSwr6ZoyRU~/s-l1600.jpg|https://i.ebayimg.com/images/g/bloAAeSwJFpoyRVA/s-l1600.jpg|https://i.ebayimg.com/images/g/Ii8AAeSwF4hoyRVB/s-l1600.jpg|https://i.ebayimg.com/images/g/yScAAeSwZDdoyRVB/s-l1600.jpg|https://i.ebayimg.com/images/g/n7UAAeSwbgxoyRVC/s-l1600.jpg|https://i.ebayimg.com/images/g/Gf8AAeSwvR5oyRVD/s-l1600.jpg,968,FALSE,196.21,115.94
